{"cameraMode":{"drawMode":0,"name":"Shaded","section":"Shading Mode"},"sceneLighting":false,"audioPlay":false,"sceneViewState":{"showFog":true,"showMaterialUpdate":false,"showSkybox":false,"showFlares":true,"showImageEffects":true,"showParticleSystems":true},"in2DMode":false,"pivot":{"x":4.403038501739502,"y":0.7708969116210938,"z":-1.7220063209533692},"rotation":{"x":-0.5880051255226135,"y":-0.16859327256679536,"z":0.1271086186170578,"w":-0.7811155915260315},"size":15.877564430236817,"orthographic":false}